{"cameraMode":{"drawMode":0,"name":"Shaded","section":"Shading Mode"},"sceneLighting":false,"audioPlay":false,"sceneViewState":{"m_AlwaysRefresh":true,"showFog":true,"showSkybox":false,"showFlares":true,"showImageEffects":true,"showParticleSystems":true,"showVisualEffectGraphs":true,"m_FxEnabled":true},"in2DMode":false,"pivot":{"x":-0.0011281287297606469,"y":0.05870501697063446,"z":0.03477045148611069},"rotation":{"x":0.14123114943504334,"y":0.5397684574127197,"z":-0.09228157252073288,"w":0.8247907757759094},"size":0.09342346340417862,"orthographic":false}