{"cameraMode":{"drawMode":0,"name":"Shaded","section":"Shading Mode"},"sceneLighting":false,"audioPlay":false,"sceneViewState":{"m_AlwaysRefresh":true,"showFog":true,"showSkybox":false,"showFlares":true,"showImageEffects":true,"showParticleSystems":true,"showVisualEffectGraphs":true,"m_FxEnabled":true},"in2DMode":false,"pivot":{"x":-21.079086303710939,"y":2.887688636779785,"z":0.18208488821983338},"rotation":{"x":0.045549098402261737,"y":0.7432169914245606,"z":-0.05098241567611694,"w":0.6657528877258301},"size":0.5528367757797241,"orthographic":false}