{"cameraMode":{"drawMode":0,"name":"Shaded","section":"Shading Mode"},"sceneLighting":false,"audioPlay":false,"sceneViewState":{"m_AlwaysRefresh":true,"showFog":true,"showSkybox":false,"showFlares":true,"showImageEffects":true,"showParticleSystems":true,"showVisualEffectGraphs":true,"m_FxEnabled":true},"in2DMode":false,"pivot":{"x":0.025051146745681764,"y":0.11189185082912445,"z":0.028040781617164613},"rotation":{"x":0.022750504314899446,"y":0.8075252771377564,"z":-0.03131132200360298,"w":0.5887117981910706},"size":0.11210829019546509,"orthographic":false}