{"cameraMode":{"drawMode":0,"name":"Shaded","section":"Shading Mode"},"sceneLighting":false,"audioPlay":false,"sceneViewState":{"m_AlwaysRefresh":true,"showFog":true,"showSkybox":false,"showFlares":true,"showImageEffects":true,"showParticleSystems":true,"showVisualEffectGraphs":true,"m_FxEnabled":true},"in2DMode":false,"pivot":{"x":-23.246234893798829,"y":1.4276583194732667,"z":-30.588069915771486},"rotation":{"x":-0.00408733868971467,"y":-0.9948849081993103,"z":0.09189341962337494,"w":-0.04282001033425331},"size":0.3279610276222229,"orthographic":false}