{"cameraMode":{"drawMode":0,"name":"Shaded","section":"Shading Mode"},"sceneLighting":false,"audioPlay":false,"sceneViewState":{"m_AlwaysRefresh":true,"showFog":true,"showSkybox":false,"showFlares":true,"showImageEffects":true,"showParticleSystems":true,"showVisualEffectGraphs":true,"m_FxEnabled":true},"in2DMode":false,"pivot":{"x":0.20135432481765748,"y":0.606826663017273,"z":1.1477879285812379},"rotation":{"x":0.17281556129455567,"y":-0.5267565250396729,"z":0.11022588610649109,"w":0.8250969648361206},"size":0.8660253882408142,"orthographic":false}