{"cameraMode":{"drawMode":0,"name":"Shaded","section":"Shading Mode"},"sceneLighting":true,"audioPlay":false,"sceneViewState":{"m_AlwaysRefresh":true,"showFog":true,"showSkybox":false,"showFlares":true,"showImageEffects":true,"showParticleSystems":true,"showVisualEffectGraphs":true,"m_FxEnabled":true},"in2DMode":false,"pivot":{"x":-1.4703712463378907,"y":7.379164695739746,"z":-0.862513542175293},"rotation":{"x":-0.009306698106229306,"y":0.7437345385551453,"z":-0.010607661679387093,"w":-0.6684306263923645},"size":20.827770233154298,"orthographic":false}