{"cameraMode":{"drawMode":0,"name":"Shaded","section":"Shading Mode"},"sceneLighting":false,"audioPlay":false,"sceneViewState":{"m_AlwaysRefresh":true,"showFog":true,"showSkybox":false,"showFlares":true,"showImageEffects":true,"showParticleSystems":true,"showVisualEffectGraphs":true,"m_FxEnabled":true},"in2DMode":false,"pivot":{"x":-0.13940401375293733,"y":0.37587717175483706,"z":0.7902506589889526},"rotation":{"x":0.059234876185655597,"y":-0.9406614899635315,"z":0.22361572086811067,"w":0.24883240461349488},"size":0.4444335699081421,"orthographic":false}